,precision,recall,f1-score,support
High,0.0,0.0,0.0,6.0
Low,0.574468085106383,0.5294117647058824,0.5510204081632653,51.0
Moderate,0.5178571428571429,0.6170212765957447,0.5631067961165048,47.0
accuracy,0.5384615384615384,0.5384615384615384,0.5384615384615384,0.5384615384615384
macro avg,0.36410840932117533,0.38214434710054235,0.37137573475992336,104.0
weighted avg,0.5157419043722236,0.5384615384615384,0.5246928868634833,104.0
