cluster,X,Y,month,day,FFMC,DMC,DC,ISI,temp,RH,wind,rain,area
0,4.229508196721311,4.088524590163934,8.38032786885246,4.239344262295082,92.25540983606558,124.8167213114754,656.1432786885247,10.36360655737705,22.17180327868852,37.12131147540983,3.538688524590164,0.0,16.02639344262295
1,5.715596330275229,4.73394495412844,8.458715596330276,4.36697247706422,90.55688073394496,147.96146788990828,660.9715596330275,8.51834862385321,16.079816513761468,63.5045871559633,4.7146788990825685,0.10091743119266056,10.863302752293578
2,4.864077669902913,4.466019417475728,3.7572815533980584,4.203883495145631,85.96796116504855,30.331067961165047,107.91650485436892,5.580582524271844,12.141747572815532,45.1747572815534,4.6980582524271846,0.0019417475728155341,5.533009708737864
